p3	2
p11	7
p26	7
p31	7
p33	7
p57	7
p62	7
p66	7
p67	7
p73	7
p76	7
p80	7
p87	0
p100	9
p130	3
p135	7
p150	7
p178	3
p190	7
p196	7
p197	0
p227	3
p231	7
p238	7
p265	7
p307	7
p340	3
p355	7
p357	7
p359	7
p385	0
p454	3
p456	0
p474	7
p479	7
p487	4
p515	3
p536	7
p544	4
p551	3
p555	5
p571	7
p599	0
p623	0
p660	7
p668	7
p682	0
p690	3
p692	7
p732	7
p819	7
p835	0
p838	0
p858	0
p881	0
p904	7
p942	7
p966	7
p975	7
p980	7
p1084	0
p1100	7
p1109	0
p1123	7
p1127	7
p1140	3
p1141	0
p1188	7
p1201	7
p1216	5
p1245	5
p1254	7
p1267	7
p1286	7
p1287	0
p1325	7
p1331	0
p1342	0
p1359	7
p1413	1
p1414	7
p1417	1
p1439	7
p1447	0
p1455	7
p1459	0
p1464	1
p1466	7
p1472	7
p1497	7
p1509	0
p1530	7
p1564	7
p1583	7
p1603	7
p1615	7
p1619	7
p1630	7
p1643	0
p1662	7
p1710	7
p1712	7
p1714	4
p1720	7
p1733	1
p1774	1
p1793	7
p1800	5
p1835	1
p2926	1
p2928	7
p2937	3
p3039	0
p3052	7
p3770	0
p3778	1
p3837	7
p3861	7
p3864	7
p3891	7
p3909	7
p3993	7
p3998	1
p4014	7
p4041	7
p4115	1
p4139	5
p5036	7
p5057	7
p5333	7
p5382	0
p5403	0
p5488	3
p5503	7
p5536	7
p5537	7
p5775	1
p5826	0
p5829	7
p5842	0
p5859	7
p5860	7
p5875	7
p5905	7
p5923	7
p5974	5
p5978	7
p6073	9
p6099	9
p6228	1
p6261	0
p6280	7
p6296	5
p6465	7
p6576	9
p6655	1
p6740	3
p6749	0
p6819	1
p6860	3
p6866	9
p6876	1
p6877	0
p6878	1
p6996	3
p7062	7
p7114	5
p7180	7
p7216	7
p7274	7
p7278	0
p7377	0
p7415	5
p7424	0
p7487	3
p7543	5
p7632	7
p7657	5
p7717	7
p8031	7
p8090	0
p8091	3
p8149	3
p8296	7
p8300	2
p8405	5
p8486	3
p8488	0
p8520	3
p8876	9
p8884	7
p8963	3
p9004	0
p9045	2
p9064	4
p9113	0
p9162	7
p9198	4
p9278	5
p9305	0
p9329	4
p9422	7
p9427	4
p9811	4
p9828	9
p10027	2
p10281	7
p10401	7
p10442	2
p10548	7
p10554	7
p10666	7
p10729	3
p10774	0
p10783	7
p11137	4
p11177	0
p11300	4
p11348	4
p11427	3
p11467	7
p11473	7
p11516	7
p11682	0
p11709	4
p11809	0
p11859	0
p11930	7
p12014	3
p12095	5
p12098	0
p12120	0
p12147	4
p12228	1
p12311	5
p12429	2
p12576	7
p12577	2
p12593	7
p12596	9
p12608	7
p12716	0
p12867	2
p12887	0
p13018	0
p13023	7
p13076	0
p13130	7
p13168	0
p13320	7
p13332	0
p13482	5
p13712	0
p13739	5
p13766	4
p13918	7
p13948	7
p13976	0
p14006	4
p14017	4
p14072	4
p14095	7
p14097	4
p14112	9
p14131	4
p14150	5
p14163	0
p14185	9
p14380	3
p14381	9
p14396	9
p14526	7
p14654	0
p14776	5
p14781	7
p14784	7
p14817	2
p14863	0
p14867	0
p14928	7
p14976	4
p15006	5
p15063	7
p15064	0
p15080	5
p15150	7
p15196	5
p15202	4
p15206	9
p15233	9
p15330	0
p15353	1
p15401	4
p15451	7
p15532	7
p15562	5
p15593	9
p15602	4
p15634	4
p15637	4
p15657	5
p15694	7
p15840	3
p15867	4
p15872	2
p15937	9
p16021	7
p16059	1
p16072	0
p16083	4
p16227	7
p16312	4
p16313	2
p16407	4
p16813	3
p16835	4
p16838	4
p16927	4
p16983	2
p17125	4
p17395	7
p17399	7
p17584	7
p17807	9
p17808	4
p17826	4
p17837	4
p17840	4
p17864	1
p17909	9
p18003	5
p18004	2
p18032	5
p18047	4
p18138	2
p18240	2
p18252	2
p18591	7
p18765	7
p18814	5
p19145	2
p19243	2
p19414	0
p19441	9
p19447	7
p19448	5
p19520	9
p19721	3
p19785	1
p19955	4
p20074	3
p20110	9
p20140	5
p20198	9
p20256	5
p20341	2
p20484	7
p20512	9
p20758	3
p20872	9
p20962	7
p21080	1
p21168	9
p21207	4
p21267	7
p21436	4
p21635	4
p21664	5
p23631	1
p23925	3
p24342	9
p24355	9
p24369	1
p24711	3
p24844	4
p25144	3
p25201	7
p25244	9
p25652	1
p25980	4
p26025	4
p26140	0
p26177	2
p26179	5
p26268	2
p26306	2
p26307	2
p26455	0
p26726	2
p26839	1
p27170	3
p27216	2
p27233	7
p27349	0
p27424	9
p27582	6
p27657	5
p27767	7
p27904	2
p27962	1
p27998	2
p28024	5
p28429	9
p28466	0
p28606	2
p29242	4
p29513	3
p29580	1
p29596	6
p29679	2
p29923	4
p30239	1
p30323	4
p30610	2
p30643	6
p30823	6
p31382	6
p31450	0
p31598	2
p31756	1
p31757	4
p32022	5
p32043	2
p32240	2
p32312	4
p32392	7
p32694	2
p32900	2
p33034	1
p33357	2
p33370	9
p33427	4
p33712	9
p33744	9
p34060	9
p34263	4
p34336	4
p34413	4
p34421	2
p34433	9
p34530	7
p34649	2
p34654	4
p34693	3
p34820	7
p34848	6
p35073	3
p35613	4
p35945	4
p35947	9
p36155	4
p36165	4
p36286	3
p36311	9
p36315	0
p36590	3
p36788	4
p36800	9
p37034	5
p37212	4
p37236	9
p37275	2
p38243	9
p38381	4
p38601	3
p38681	2
p38753	4
p39065	5
p39575	4
p39914	4
p40155	0
p40356	9
p40435	4
p41013	4
p41137	5
p41876	9
p41900	3
p41938	4
p42599	7
p42684	5
p42692	9
p42710	9
p42820	3
p43202	4
p43664	4
p43723	2
p43765	0
p44425	4
p44438	1
p44658	4
p44673	9
p44781	6
p45455	6
p45622	7
p45908	2
p45961	9
p46010	2
p46345	6
p46595	2
p46632	1
p46687	1
p46779	1
p47346	4
p47384	7
p47532	9
p47547	9
p47584	4
p47722	2
p47757	9
p48031	2
p48317	4
p48578	5
p48759	2
p48788	4
p49932	3
p50077	4
p50096	4
p50248	1
p51007	4
p51330	9
p51476	7
p51529	7
p51660	0
p52128	9
p52186	7
p52353	4
p52452	0
p52642	4
p52710	4
p52767	9
p53260	4
p53361	6
p53483	9
p53683	9
p53836	5
p54038	4
p54363	5
p54865	9
p54901	4
p54903	4
p54919	5
p55277	9
p55532	6
p56264	2
p56495	0
p56969	5
p57228	4
p57316	6
p57458	6
p57553	6
p57852	4
p58016	6
p58253	1
p58271	4
p58401	7
p58827	9
p59460	2
p60568	4
p60954	4
p61846	0
p61849	9
p64443	5
p64613	7
p64938	4
p65145	5
p65877	4
p66922	2
p66959	4
p67328	4
p68678	6
p69660	7
p71071	9
p75452	6
p75456	6
p75597	4
p75643	8
p75685	4
p76288	6
p77226	6
p77971	7
p78662	4
p79307	3
p80315	5
p80753	9
p87250	6
p87257	0
p87545	9
p89504	5
p90108	1
p90432	6
p91196	9
p91534	5
p91609	6
p91700	7
p92300	4
p93228	6
p93320	4
p93719	2
p95043	0
p95075	6
p95297	6
p95715	9
p95810	6
p95909	3
p96141	5
p97062	4
p97131	9
p97256	6
p97261	4
p97679	6
p99150	0
p99906	6
p101877	4
p103160	2
p103315	2
p104690	9
p105545	4
p106841	2
p109035	5
p109571	4
p112351	9
p112399	4
p112415	9
p116837	9
p117806	9
p117907	6
p118308	4
p132613	6
p132726	9
p133316	2
p133502	5
p134211	4
p134608	6
p135737	6
p137277	4
p138425	8
p139129	5
p140255	2
p141176	9
p141781	9
p142646	6
p143174	4
p144409	9
p144521	6
p146918	6
p147392	4
p149629	2
p149654	5
p152353	6
p153790	9
p155099	4
p156060	2
p157705	9
p158107	6
p158836	4
p159359	9
p159542	6
p160478	6
p160825	3
p161458	5
p161551	2
p162315	9
p163477	3
p164352	2
p165788	5
p168014	5
p168046	6
p168363	8
p169467	4
p169665	6
p171278	9
p172700	4
p173821	6
p177269	1
p177915	6
p182303	6
p182623	6
p183262	2
p184382	7
p187882	6
p188549	6
p190438	6
p195537	2
p198444	4
p198735	4
p205660	6
p206680	6
p207122	6
p209084	6
p217379	6
p217422	9
p217793	2
p218331	2
p218524	2
p219880	2
p221018	3
p228011	6
p228840	4
p241552	4
p241886	3
p244131	9
p244214	9
p248098	8
p252061	9
p253592	2
p255978	9
p258106	9
p258522	2
p262721	2
p269795	2
p269935	2
p270370	2
p271232	6
p272982	2
p273475	2
p277945	1
p278607	9
p278732	0
p280344	4
p281766	5
p281849	9
p282404	2
p284711	6
p285980	6
p286929	2
p289661	2
p291837	9
p293135	4
p293174	9
p296542	2
p305033	6
p306051	2
p307589	6
p313998	2
p322204	2
p323411	4
p327469	4
p327553	4
p328257	6
p333024	2
p333783	6
p333820	9
p336158	8
p336913	9
p338623	9
p347883	6
p356056	6
p358317	4
p367973	4
p368227	9
p369398	2
p374485	2
p374874	9
p375059	2
p378711	2
p379027	9
p380143	9
p391465	9
p393526	4
p398720	7
p406826	2
p417967	6
p421231	8
p421516	6
p425751	9
p429196	0
p438119	9
p439009	0
p443669	6
p447015	2
p451615	4
p469810	9
p478122	4
p483161	9
p490137	7
p499796	1
p501766	9
p504334	6
p506893	9
p507672	9
p508547	4
p514132	6
p519545	2
p520126	9
p520777	8
p521370	2
p532287	0
p532612	4
p542660	3
p543734	9
p544417	9
p547309	0
p547828	9
p556354	6
p557875	1
p559038	9
p576547	0
p577974	5
p578368	6
p579792	4
p589933	1
p595308	0
p603004	0
p605984	6
p611023	7
p616831	2
p619051	2
p634112	9
p638893	9
p639806	9
p640248	9
p640283	4
p642224	8
p645559	1
p647409	2
p652769	9
p656016	7
p656348	9
p657435	8
p673443	1
p686944	8
p697322	9
p703065	9
p707350	6
p734612	2
p744970	5
p757575	4
p760261	9
p762363	0
p768831	9
p794652	1
p803432	9
p812929	3
p814575	5
p821558	9
p830579	5
p841092	8
p853689	2
p870099	7
p871820	9
p887102	7
p889805	5
p908906	4
p917966	6
p932622	2
p933735	5
p943062	9
p953070	8
p963892	7
p964750	7
p965070	1
p968869	4
p980352	8
p991554	2
p995053	9
p999145	5
p1023683	9
p1029596	7
p1038467	0
p1067064	9
p1069127	1
p1077770	6
p1081141	1
p1084382	3
p1108915	7
p1118993	6
p1125490	6
p1129084	9
p1129118	5
p1137300	6
p1139049	0
p1149879	3
p1161057	8
p1170043	0
p1175125	4
p1176362	9
p1182908	9
p1194028	7
p1203613	9
p1205136	7
p1215145	5
p1219954	4
p1220515	9
p1226675	9
p1234241	5
p1237612	6
p1278818	8
p1301673	8
p1327888	0
p1397409	8
p1443893	9
p1445635	7
p1474023	9
p1488176	5
p1489632	5
p1521956	8
p1527925	8
p1533526	9
p1547875	9
p1556639	3
p1568995	9
p1595555	5
p1628441	9
p1636476	7
p1668695	9
p1672967	4
p1685552	9
p1695274	7
p1721723	1
p1738092	7
p1743653	9
p1747501	1
p1769345	7
p1812678	0
p1814418	8
p1888965	8
p1909306	8
p1953800	8
p1961272	4
p1970571	9
p1989211	7
p2008806	7
p2035165	9
p2041651	8
p2065558	2
p2078438	9
p2088718	7
p2105237	9
p2111676	9
p2124526	8
p2147121	9
p2182823	4
p2197883	3
p2214167	9
p2228724	5
p2237039	2
p2240055	0
p2242779	6
p2275373	3
p2288504	8
p2312367	9
p2340755	8
p2341784	1
p2355028	9
p2405715	8
p2412610	4
p2422425	7
p2434466	7
p2444461	5
p2452315	8
p2485287	7
p2489476	0
p2494601	9
p2520786	9
p2539381	3
p2567750	3
p2599984	4
p2666940	9
p2703664	2
p2704194	8
p2709755	2
p2769041	8
p2792845	0
p2803005	8
p2818227	7
p2847867	8
p2852501	9
p2871490	9
p2884010	5
p2902375	2
p2915053	9
p2922698	7
p2957559	9
p2966446	9
p2983106	4
p2985210	9
p2993482	5
p3002216	9
p3002282	9
p3056758	9
p3058011	9
p3100020	9
p3106921	2
p3107653	9
p3133996	3
p3139237	0
p3179203	3
p3180542	5
p3185894	7
p3205954	5
p3208724	8
p3215695	1
p3233818	8
p3234305	8
p3253597	5
p3259566	0
p3305480	5
p3338132	7
p3350453	9
p3384629	7
p3398734	1
p3399291	7
p3417203	3
p3421061	4
p3428386	7
p3479160	9
p3498476	0
p3499410	4
p3524433	4
p3540981	7
p3552154	8
p3552235	9
p3554274	7
p3562391	9
p3562542	4
p3590958	1
p3603971	9
p3605327	2
p3634426	6
p3644013	8
p3648754	9
p3653401	9
p3662381	0
p3703598	0
p3711310	1
p3745814	2
p3758368	3
p3771609	7
p3802455	2
p3814321	7
p3846969	9
p3847509	3
p3869830	9
p3877885	8
p3914045	8
p3922042	0
p3938434	8
p3962168	7
p3988060	1
p3995086	9
p4008704	6
p4011244	4
p4032076	0
p4056371	7
p4090739	8
p4091012	8
p4098311	8
p4101837	9
p4162539	8
p4173292	0
p4223833	9
p4237285	2
p4244533	4
p4254720	4
p4256009	1
p4262832	7
p4286064	8
p4308765	8
p4313879	4
p4333164	8
p4443463	0
p4517506	2
p4521962	0
p4524485	7
p4531028	7
p4539991	5
p4548403	6
p4562257	8
p4576410	9
p4600183	8
p4609004	7
p4614912	8
p4622968	9
p4666018	2
p4687784	9
p4689943	7
p4697209	9
p4722552	4
p4724619	8
p4725948	0
p4726345	7
p4765494	7
p4861164	2
p4876601	9
p4900994	5
p4968497	4
p4983810	4
p4986693	7
p5032444	9
p5032552	3
p5033248	3
p5060088	5
p5063222	8
p5094000	4
p5101903	8
p5103496	7
p5120298	8
p5144184	2
p5146581	9
p5184035	8
p5186993	2
p5196691	1
p5202011	9
p5220101	0
p5228452	4
p5236855	0
p5237456	7
p5242795	8
p5260392	9
p5286108	8
p5290873	3
p5292473	7
p5297328	1
p5307702	4
p5313001	4
p5316796	7
p5347905	4
p5367365	7
p5407515	0
p5416859	7
p5420723	8
p5443627	4
p5444761	9
p5497292	7
p5498565	2
p5521980	8
p5566329	8
p5572069	9
p5575535	0
p5581174	8
p5595034	8
p5600057	3
p5607807	2
p5617375	9
p5641770	5
p5641835	0
p5661106	2
p5662084	2
p5680064	8
p5685560	7
p5685851	9
p5699140	8
p5712064	9
p5713259	9
p5794749	9
p5804069	4
p5813049	0
p5816732	8
p5824453	8
p5844430	3
p5852876	8
p5863507	7
p5964406	9
p5967067	7
p5969363	9
p5989822	4
p6007344	9
p6022646	8
p6022656	0
p6045599	0
p6068095	7
p6091460	4
p6110699	1
p6126053	0
p6137553	3
p6193020	3
p6193087	0
p6195216	4
p6222061	7
p6233982	0
p6263603	4
p6320231	2
p6382002	9
p6387599	5
p6418367	1
p6479029	9
p6486345	8
p6526257	4
p6540578	9
p6568353	9
p6571587	9
p6574675	8
p6588054	9
p6633529	7
p6639796	6
p6669530	9
p6673089	7
p6731299	8
p6736869	9
p6750312	7
p6784029	3
p6847365	9
p6849972	0
p6852045	8
p6890629	8
p6997962	8
p6998089	8
p7025188	8
p7040587	9
p7097663	8
p7105331	0
p7126840	9
p7187296	8
p7203092	4
p7371967	8
p7396218	7
p7441930	9
p7488361	4
p7525791	2
p7684186	2
p7735507	9
p7736052	9
p7770811	4
p7899427	8
p7970284	9
p7983391	8
p7997467	0
p8016593	7
p8153183	8
p8183693	2
p8194979	8
p8249836	0
p8311734	4
p8326494	8
p8429051	8
p8440703	0
p8478487	0
p8524515	8
p8606652	8
p8659092	8
p8744502	8
p8861946	0
p8926156	2
p9209690	2
p9217592	9
p9435134	8
p9458920	8
p9521396	5
p9636347	7
p9694266	9
p9714591	0
p9739558	8
p10065334	8
p10120327	9
p10333059	9
p10363356	2
p10386599	2
p10658749	4
p10708043	9
p10820559	5
